[{"@type":"mappingTemplate","id":"@1","name":"Mapping_RESTV2","description":"","bundleVersion":"0","templateId":"@3","hasParameters":false,"valid":true,"fixedConnection":true,"hasParametersDeployed":false,"fixedConnectionDeployed":false,"isSchemaValidationEnabled":false,"tasks":0,"mappingPreviewFileRecordId":"@2","documentType":"MAPPING","references":[{"@type":"reference","refObjectId":"@f8faQvtJfYjhsBuQFewK4l","refType":"connection"},{"@type":"reference","refObjectId":"@axoHefYOcWukiH8sCRtXiJ","refType":"connection"}]}]